ragil-btc,504940
ticktocknextblock-btc,376496
mpj-btc,297050
the_advisor-btc,200284
bigrpic-btc,197350
thedoc-btc,184743
mima-btc,164808
kaylee-btc,135397
ryeder-btc,125745
nothing-btc,108241
andrzej-btc,103430
stacksindonesia-btc,96077
godfreddonkor-btc,95754
0123-btc,93767
jakeblockchain-btc,92132
jackbinswitch-btc,87727
friedger-btc,71216
merrick-btc,62200
zeroauthority-btc,62003
goodkitty-btc,51476
omur-btc,50088
tobi-btc,42358
kriptodede-btc,40899
unclemantis-btc,33525
whoabuddy-btc,32349
runefar-btc,25764
orkut-btc,25138
juliet-btc,22303
bogachev-btc,19559
rapha-btc,17441
kailani-btc,16872
akva-btc,16821
cargocult-btc,13934
tvq-btc,13634
mirlo-btc,12754
nickole-btc,12614
aloysious-btc,11224
aazei-btc,10512
mistiff-btc,9030
nft_huntsman-btc,7473
shudufhadzo-btc,6370
djabdjab-btc,6324
fred-dog-btc,6313
0xloc-btc,5146
faris-btc,4728
bradbaker-btc,3715
haka-btc,3629
blem-btc,2701
closed-btc,1795
drewfalkman-btc,1626
dan-btc,1537
isiah-btc,1262
axopoa-stx,958
shankar-btc,808
emrealtnk-btc,702
apples-btc,621
kickstarter-btc,561
workin-btc,506
spartan-btc,479
jacobryan-btc,408
mattpnw-btc,388
harini-btc,177
mariaverse-btc,149
juice-btc,147
jasper-btc,132
incite-btc,117
sandrabubbles-btc,74
harounkola-btc,68
peters-btc,36
dns-btc,9
mashpotatoes-btc,9
cmb-btc,3
naturalrights-btc,1
wilsonbright-btc,0
Treasury,0
binary-btc,0
ovie-btc,0
cirro-btc,0
acrossfire-btc,0